City_ID,City,Country,Lat,Lng,Max Temp,Humidity,Cloudiness,Wind Speed,Current Description
0,Albany,US,42.6001,-73.9662,33.01,69,100,3.11,overcast clouds
1,Shache,CN,38.4167,77.2406,32.59,60,0,4.68,clear sky
2,Contamana,PE,-7.3333,-75.0167,76.3,82,100,4.74,overcast clouds
3,Busselton,AU,-33.65,115.3333,71.01,44,89,4.0,overcast clouds
4,Esperance,AU,-33.8667,121.9,68.0,42,99,14.97,overcast clouds
5,Illapel,CL,-31.6308,-71.1653,55.47,67,0,1.36,clear sky
6,Jamestown,US,42.097,-79.2353,37.99,75,1,8.05,clear sky
7,Oum Hadjer,TD,13.2954,19.6966,65.05,25,0,10.87,clear sky
8,Bonavista,CA,48.6499,-53.1147,30.0,93,100,1.14,overcast clouds
9,Shimoda,JP,34.6667,138.95,55.4,54,0,8.05,clear sky
10,Constitucion,CL,-35.3333,-72.4167,52.79,79,0,10.02,clear sky
11,Mataura,NZ,-46.1927,168.8643,77.0,47,4,5.91,clear sky
12,Atuona,PF,-9.8,-139.0333,77.81,76,40,12.97,scattered clouds
13,Monrovia,LR,6.3005,-10.7969,78.08,83,44,2.95,scattered clouds
14,Krasnoselkup,RU,65.7,82.4667,-4.11,92,100,7.52,overcast clouds
15,Arlit,NE,18.7369,7.3853,64.69,27,77,6.6,broken clouds
16,Verkh-Usugli,RU,52.7,115.1667,-12.6,78,0,1.21,clear sky
17,Bethel,US,41.3712,-73.414,33.01,80,1,4.61,clear sky
18,Erenhot,CN,43.6475,111.9767,11.01,93,100,2.13,overcast clouds
19,Hilo,US,19.7297,-155.09,80.6,61,20,3.44,few clouds
20,Vaini,TO,-21.2,-175.2,86.0,79,40,8.05,scattered clouds
21,Bluff,NZ,-46.6,168.3333,61.88,78,13,5.59,few clouds
22,Nikolskoye,RU,59.7035,30.7861,7.0,78,40,8.95,light snow
23,Morondava,MG,-20.2833,44.2833,82.4,77,87,0.92,light rain
24,Rikitea,PF,-23.1203,-134.9692,77.92,77,71,11.61,broken clouds
25,Punta Arenas,CL,-53.15,-70.9167,53.6,71,90,11.5,overcast clouds
26,Saint Anthony,US,45.0205,-93.218,35.6,80,40,6.91,scattered clouds
27,Kodiak,US,57.79,-152.4072,32.0,86,40,3.44,scattered clouds
28,Cloquet,US,46.7216,-92.4594,30.2,80,90,6.91,overcast clouds
29,Praia Da Vitoria,PT,38.7333,-27.0667,60.8,94,75,13.47,light intensity drizzle rain
30,Wageningen,NL,51.9667,5.6667,37.0,100,90,2.3,overcast clouds
31,Sicamous,CA,50.8331,-118.9856,35.6,75,40,1.14,scattered clouds
32,Khatanga,RU,71.9667,102.5,-36.54,81,97,12.77,overcast clouds
33,Thompson,CA,55.7435,-97.8558,26.6,100,90,3.44,overcast clouds
34,Adrar,MR,20.5022,-10.0711,58.78,29,0,14.16,clear sky
35,Antofagasta,CL,-23.65,-70.4,64.4,77,75,10.36,broken clouds
36,Cherskiy,RU,68.75,161.3,-23.35,85,100,4.34,overcast clouds
37,Flinders,AU,-34.5833,150.8552,90.0,61,18,4.0,few clouds
38,Kavieng,PG,-2.5744,150.7967,85.28,69,82,13.69,broken clouds
39,Upata,VE,8.0086,-62.3989,67.48,90,86,4.83,overcast clouds
40,La Ronge,CA,55.1001,-105.2842,28.4,93,100,10.36,snow
41,Eydhafushi,MV,5.1033,73.0708,80.13,75,92,3.18,overcast clouds
42,Oromocto,CA,45.8351,-66.4792,30.2,64,90,4.61,overcast clouds
43,Bredasdorp,ZA,-34.5322,20.0403,68.0,88,100,12.66,overcast clouds
44,Ginir,ET,7.1333,40.7,53.62,51,96,2.98,overcast clouds
45,East London,ZA,-33.0153,27.9116,73.09,91,100,14.9,light rain
46,Qaanaaq,GL,77.484,-69.3632,-2.24,77,0,3.85,clear sky
47,Silleda,ES,42.696,-8.2465,39.2,87,75,4.61,broken clouds
48,Komsomolskiy,UZ,40.4272,71.7189,26.6,80,0,4.61,mist
49,Port-Gentil,GA,-0.7193,8.7815,78.24,81,98,9.06,overcast clouds
50,Norman Wells,CA,65.282,-126.8329,3.2,85,90,11.5,light snow
51,Ushuaia,AR,-54.8,-68.3,51.8,76,40,4.61,scattered clouds
52,Airai,TL,-8.9266,125.4092,75.52,77,100,2.08,light rain
53,Benghazi,LY,32.1167,20.0667,60.82,68,44,23.89,scattered clouds
54,Kahului,US,20.8947,-156.47,82.4,57,40,10.36,scattered clouds
55,Hobart,AU,-42.8794,147.3294,73.99,37,40,16.11,scattered clouds
56,Vila Franca Do Campo,PT,37.7167,-25.4333,61.0,94,75,12.66,broken clouds
57,Ouallam,NE,14.3188,2.0866,68.76,22,0,9.91,clear sky
58,Am Timan,TD,11.0297,20.2827,64.04,25,51,5.26,broken clouds
59,New Norfolk,AU,-42.7826,147.0587,73.99,47,73,5.99,broken clouds
60,Kuli,RU,42.0185,47.2434,41.0,100,90,4.61,fog
61,Port Alfred,ZA,-33.5906,26.891,66.99,97,100,19.06,light rain
62,Challapata,BO,-18.9,-66.7667,52.54,69,100,4.59,light rain
63,Talnakh,RU,69.4865,88.3972,-27.47,77,1,7.92,clear sky
64,Acari,PE,-15.4311,-74.6158,72.21,66,100,4.12,heavy intensity rain
65,Cabatuan,PH,10.8794,122.486,83.37,77,90,14.25,light rain
66,Saint George,US,37.1041,-113.5841,46.99,21,1,0.09,clear sky
67,Kapaa,US,22.0752,-159.319,77.0,78,20,19.57,few clouds
68,Laguna,US,38.421,-121.4238,57.2,77,1,11.5,haze
69,Los Llanos De Aridane,ES,28.6585,-17.9182,64.4,55,90,8.05,overcast clouds
70,Camocim,BR,-2.9022,-40.8411,77.59,83,96,10.11,overcast clouds
71,Saint-Philippe,RE,-21.3585,55.7679,80.6,83,90,2.3,overcast clouds
72,Nhulunbuy,AU,-12.2333,136.7667,89.6,66,75,5.75,broken clouds
73,Shenjiamen,CN,29.9576,122.298,51.98,66,0,8.79,clear sky
74,Faya,SA,18.3851,42.4509,46.4,93,0,2.89,clear sky
75,Bay Roberts,CA,47.5999,-53.2648,28.99,89,57,3.71,broken clouds
76,Puerto Ayora,EC,-0.7393,-90.3518,75.99,93,93,7.0,overcast clouds
77,Changtu,CN,42.7788,124.0955,9.81,74,99,3.62,overcast clouds
78,Butaritari,KI,3.0707,172.7902,81.43,77,64,18.45,broken clouds
79,Sao Filipe,CV,14.8961,-24.4956,70.99,73,51,9.28,broken clouds
80,Vao,NC,-22.6667,167.4833,76.66,87,100,18.14,overcast clouds
81,Sitka,US,57.0531,-135.33,37.4,87,90,8.05,moderate rain
82,Cidreira,BR,-30.1811,-50.2056,70.52,71,21,15.55,few clouds
83,Ust-Shonosha,RU,61.1531,41.343,-22.45,86,51,6.02,broken clouds
84,Waipawa,NZ,-41.4122,175.5153,77.0,47,45,12.66,scattered clouds
85,San Andres,CO,12.5847,-81.7006,80.6,83,90,11.5,light rain
86,Ipixuna,BR,-1.7625,-48.8043,75.2,88,75,3.44,moderate rain
87,Pelym,RU,61.0108,61.9978,-11.24,85,0,4.94,clear sky
88,Ust-Nera,RU,64.5667,143.2,-24.74,75,100,2.53,overcast clouds
89,Ternate,ID,0.8,127.4,84.85,67,63,4.0,broken clouds
90,Gandajika,CD,-6.75,23.95,66.81,97,100,0.92,overcast clouds
91,Tirumullaivasal,IN,11.2333,79.8333,79.3,84,79,13.8,broken clouds
92,Chimbote,PE,-9.0853,-78.5783,70.3,84,100,6.78,overcast clouds
93,Urubicha,BO,-15.3833,-62.95,73.18,98,100,2.1,light rain
94,Maceio,BR,-9.6658,-35.7353,73.4,94,0,3.44,clear sky
95,Leningradskiy,RU,69.3833,178.4167,-7.76,90,100,3.58,light snow
96,Ikalamavony,MG,-21.15,46.5833,70.68,80,55,2.84,broken clouds
97,Markova,UA,48.6758,24.4138,27.46,88,100,4.54,overcast clouds
98,Salina Cruz,MX,16.1667,-95.2,74.41,61,31,19.57,scattered clouds
99,Hasaki,JP,35.7333,140.8333,54.0,54,20,5.75,few clouds
100,Alyangula,AU,-13.8483,136.4192,78.8,100,75,8.05,heavy intensity rain
101,Pombas,CV,17.1503,-25.0201,69.8,64,40,27.63,scattered clouds
102,Ust-Kuyga,RU,70.0167,135.6,-41.64,78,28,0.29,scattered clouds
103,Tiksi,RU,71.6872,128.8694,-32.6,83,91,3.67,overcast clouds
104,Meulaboh,ID,4.1363,96.1285,80.98,69,83,2.3,broken clouds
105,Yerbogachen,RU,61.2767,108.0108,-14.96,87,100,10.49,overcast clouds
106,Klaksvik,FO,62.2266,-6.589,39.2,81,20,23.02,few clouds
107,Uhlove,UA,44.8215,33.6045,39.45,74,100,3.89,overcast clouds
108,Namtsy,RU,62.7161,129.6658,-58.0,57,90,2.06,fog
109,Maragogi,BR,-9.0122,-35.2225,77.14,80,99,7.74,overcast clouds
110,Roswell,US,34.0232,-84.3616,39.0,70,1,4.61,clear sky
111,Aklavik,CA,68.2191,-135.0107,-14.8,76,100,4.63,overcast clouds
112,Tasiilaq,GL,65.6145,-37.6368,32.0,86,75,28.77,light snow
113,Deputatskiy,RU,69.3,139.9,-35.3,83,92,1.25,overcast clouds
114,San Juan,AR,-31.5375,-68.5364,78.42,52,2,15.59,clear sky
115,Manokwari,ID,-0.8667,134.0833,84.76,69,100,6.82,overcast clouds
116,Ostrovnoy,RU,68.0531,39.5131,2.71,94,76,21.94,broken clouds
117,Vinh Yen,VN,21.31,105.5967,59.0,55,40,3.44,scattered clouds
118,Mount Isa,AU,-20.7333,139.5,96.8,20,0,17.27,clear sky
119,Olkhovatka,RU,50.2831,39.2872,23.86,97,100,9.4,overcast clouds
120,Barrow,US,71.2906,-156.7887,-9.4,77,1,17.27,clear sky
121,Banyo,CM,6.75,11.8167,59.83,33,0,3.49,clear sky
122,Krasnovishersk,RU,60.4078,57.082,-18.51,85,0,1.86,clear sky
123,Aurangabad,IN,19.8833,75.3333,60.8,82,20,4.52,haze
124,Yermish,RU,54.7678,42.2711,15.78,96,100,19.01,snow
125,Cape Town,ZA,-33.9258,18.4232,70.0,78,0,11.5,clear sky
126,Montepuez,MZ,-13.1256,38.9997,68.63,99,25,4.97,scattered clouds
127,Tahta,EG,26.7693,31.5021,59.0,55,0,3.44,clear sky
128,Ilulissat,GL,69.2167,-51.1,24.8,86,90,13.8,light snow
129,Te Anau,NZ,-45.4167,167.7167,76.8,39,0,5.21,clear sky
130,Talavera De La Reina,ES,39.9635,-4.8308,30.54,95,11,1.72,few clouds
131,Singaparna,ID,-7.3515,108.111,77.97,76,99,0.6,overcast clouds
132,Upernavik,GL,72.7868,-56.1549,10.24,96,100,16.24,overcast clouds
133,Santa Cruz,BO,-17.8,-63.1667,75.2,88,75,11.5,light rain
134,Neftcala,AZ,39.3742,49.2472,47.28,94,95,2.26,overcast clouds
135,Castro,BR,-24.7911,-50.0119,64.09,93,78,9.19,broken clouds
136,Dordrecht,NL,51.81,4.6736,37.99,80,100,4.52,overcast clouds
137,Aksu,CN,41.1231,80.2644,19.24,72,0,1.19,clear sky
138,Ponferrada,ES,42.5466,-6.5962,33.01,99,12,1.01,few clouds
139,Mullovka,RU,54.2,49.4,8.6,85,90,15.66,snow
140,Awjilah,LY,29.1081,21.2869,53.24,62,68,16.55,broken clouds
141,Pangnirtung,CA,66.1451,-65.7125,-5.12,75,98,0.65,overcast clouds
142,Lahat,ID,-3.8,103.5333,80.85,71,100,3.31,overcast clouds
143,Guozhen,CN,34.3659,107.359,53.26,38,0,3.29,clear sky
144,Hermanus,ZA,-34.4187,19.2345,70.0,85,82,5.01,broken clouds
145,Hambantota,LK,6.1241,81.1185,77.0,100,75,5.75,broken clouds
146,Rabo De Peixe,PT,37.8,-25.5833,61.0,94,75,12.66,broken clouds
147,Arraial Do Cabo,BR,-22.9661,-42.0278,75.61,89,20,18.63,few clouds
148,Mocuba,MZ,-16.8392,36.9856,74.48,95,100,3.29,light rain
149,San Patricio,US,28.017,-97.5169,48.2,87,1,11.5,clear sky
150,Bonthe,SL,7.5264,-12.505,77.81,87,0,4.38,clear sky
151,Souillac,MU,-20.5167,57.5167,77.0,88,75,6.91,broken clouds
152,Korla,CN,41.7597,86.1469,21.27,79,21,3.31,few clouds
153,Dikson,RU,73.5069,80.5464,-29.18,83,0,7.54,clear sky
154,Saskylakh,RU,71.9167,114.0833,-45.96,75,64,9.26,broken clouds
155,Severo-Kurilsk,RU,50.6789,156.125,21.88,82,52,2.37,broken clouds
156,Gashua,NG,12.871,11.0482,63.09,26,0,9.13,clear sky
157,Taoudenni,ML,22.6783,-3.9836,57.31,35,0,14.9,clear sky
158,Yumbel,CL,-37.0833,-72.5667,57.2,72,0,13.8,clear sky
159,Bambanglipuro,ID,-7.95,110.2833,83.93,63,100,4.74,overcast clouds
160,San Ciro De Acosta,MX,21.6333,-99.8167,54.57,68,92,3.38,overcast clouds
161,Petropavlovsk-Kamchatskiy,RU,53.0452,158.6483,8.6,47,0,6.71,clear sky
162,Norfolk,US,42.1668,-71.2495,36.0,60,74,8.05,broken clouds
163,Berdigestyakh,RU,62.0989,126.6992,-39.46,80,77,3.42,broken clouds
164,Coquimbo,CL,-29.9533,-71.3436,59.0,82,0,8.05,clear sky
165,Puqi,CN,29.7167,113.8833,59.11,33,12,4.38,few clouds
166,Kuah,MY,6.3265,99.8432,82.4,74,20,8.05,few clouds
167,Srednekolymsk,RU,67.45,153.6833,-18.92,88,100,6.53,light snow
168,The Valley,AI,18.217,-63.0578,77.0,83,40,10.36,scattered clouds
169,Walvis Bay,NA,-22.9575,14.5053,69.01,83,100,5.75,overcast clouds
170,Misratah,LY,32.3754,15.0925,58.03,70,42,19.64,scattered clouds
171,Arzamas,RU,55.3949,43.8399,6.89,95,100,17.96,snow
172,Altay,CN,47.8667,88.1167,-4.76,84,95,1.74,overcast clouds
173,Craig,US,40.5153,-107.5464,26.6,74,1,4.61,snow
174,Lebu,CL,-37.6167,-73.65,54.19,87,0,15.84,clear sky
175,Lokosovo,RU,61.1333,74.8167,-10.95,88,0,11.88,clear sky
176,Kaeo,NZ,-35.1,173.7833,75.0,56,9,7.34,clear sky
177,Touros,BR,-5.1989,-35.4608,77.0,83,20,3.44,few clouds
178,Mbandaka,CD,0.0487,18.2603,72.48,88,28,6.08,scattered clouds
179,Loukhi,RU,66.0764,33.0381,-13.65,90,2,2.91,clear sky
180,Bengkulu,ID,-3.8004,102.2655,81.36,68,100,1.07,overcast clouds
181,Sumbe,AO,-11.2061,13.8437,72.88,81,91,6.73,overcast clouds
182,Kidal,ML,18.4411,1.4078,67.51,22,0,8.57,clear sky
183,Avera,US,33.194,-82.5271,42.8,81,1,3.44,clear sky
184,Broken Hill,AU,-31.95,141.4333,78.8,25,0,16.11,clear sky
185,Arvika,SE,59.6553,12.5852,19.4,93,90,12.66,overcast clouds
186,Vargashi,RU,55.3556,65.8467,-20.18,86,0,4.72,clear sky
187,Kaitangata,NZ,-46.2817,169.8464,64.0,78,34,11.01,scattered clouds
188,Avarua,CK,-21.2078,-159.775,84.2,70,75,19.57,broken clouds
189,Inongo,CD,-1.95,18.2667,72.77,90,91,8.68,overcast clouds
190,Lucapa,AO,-8.4192,20.7447,64.89,98,100,1.95,overcast clouds
191,Pasighat,IN,28.0667,95.3333,67.93,48,5,1.66,clear sky
192,Horconcitos,PA,8.4682,-81.8007,66.0,88,87,5.82,overcast clouds
193,Ribeira Grande,PT,38.5167,-28.7,63.23,83,68,19.62,light rain
194,Chuy,UY,-33.6971,-53.4616,62.29,64,0,8.88,clear sky
195,Sol-Iletsk,RU,51.1631,54.9918,1.2,91,93,16.53,light snow
196,Qui Nhon,VN,13.7667,109.2333,67.59,77,100,9.8,overcast clouds
197,Cockburn Town,TC,21.4612,-71.1419,77.72,79,1,19.04,clear sky
198,Xam Nua,LA,20.4197,104.0439,65.98,51,13,1.41,few clouds
199,Port Blair,IN,11.6667,92.75,80.85,66,0,11.41,clear sky
200,Cabo San Lucas,MX,22.8909,-109.9124,64.4,55,1,9.22,clear sky
201,Pathein,MM,16.7833,94.7333,79.43,55,0,5.39,clear sky
202,Yellowknife,CA,62.456,-114.3525,12.2,92,75,9.22,light snow
203,Luderitz,NA,-26.6481,15.1594,65.03,88,96,7.02,overcast clouds
204,Nalut,LY,30.3333,10.85,41.72,63,0,4.83,clear sky
205,Nakasongola,UG,1.3089,32.4564,70.09,51,51,2.91,broken clouds
206,Verkhnyaya Inta,RU,65.9811,60.3094,-11.42,88,100,15.55,overcast clouds
207,Saint-Pierre,RE,-21.3393,55.4781,80.6,83,90,2.3,overcast clouds
208,Tessalit,ML,20.1986,1.0114,62.11,27,0,10.31,clear sky
209,Urengoy,RU,65.9667,78.3667,11.21,95,100,16.06,light snow
210,Tarata,BO,-17.6167,-66.0167,60.8,82,75,3.09,light rain
211,Dauphin,CA,51.1494,-100.0502,39.34,77,100,12.91,moderate rain
212,Blackwater,AU,-23.5833,148.8833,90.64,26,2,15.21,clear sky
213,Simbahan,PH,6.3032,120.5836,82.45,79,57,10.04,heavy intensity rain
214,Verkhnevilyuysk,RU,63.4453,120.3167,-20.38,86,99,7.29,overcast clouds
215,Hithadhoo,MV,-0.6,73.0833,82.06,75,63,20.58,broken clouds
216,Mar Del Plata,AR,-38.0023,-57.5575,64.99,63,0,10.36,clear sky
217,Mahibadhoo,MV,3.7833,72.9667,81.18,81,80,12.93,light rain
218,Lorengau,PG,-2.0226,147.2712,86.14,66,87,9.55,overcast clouds
219,Hervey Bay,AU,-25.2986,152.8535,84.99,50,1,7.0,clear sky
220,San Quintin,MX,30.4833,-115.95,59.97,45,0,4.29,clear sky
221,Juneau,US,58.3019,-134.4197,37.4,87,75,8.05,light rain
222,Qarqin,AF,37.4185,66.0436,38.46,65,0,6.62,clear sky
223,Sri Aman,MY,1.2376,111.4621,75.2,100,40,2.73,light rain
224,Zhezkazgan,KZ,47.8043,67.7144,-12.35,89,91,9.53,overcast clouds
225,Penzance,GB,50.1186,-5.5371,50.0,100,90,21.85,light rain
226,Longyearbyen,SJ,78.2186,15.6401,17.6,86,75,8.05,broken clouds
227,Portel,BR,-1.9356,-50.8211,73.94,95,91,3.53,overcast clouds
228,Tuktoyaktuk,CA,69.4541,-133.0374,-13.0,84,75,4.61,broken clouds
229,Oster,UA,50.9506,30.8823,28.0,93,94,2.15,overcast clouds
230,Sao Joao Da Barra,BR,-21.6403,-41.0511,76.01,88,0,14.5,clear sky
231,Ati,TD,13.2154,18.3353,65.46,24,0,9.98,clear sky
232,Lalmohan,BD,22.3384,90.7419,68.47,52,0,6.62,clear sky
233,Brae,GB,60.3964,-1.353,39.2,65,40,18.41,scattered clouds
234,Saldanha,ZA,-33.0117,17.9442,64.4,82,0,4.61,clear sky
235,Biltine,TD,14.5333,20.9167,65.08,27,0,12.03,clear sky
236,Bata,GQ,1.8639,9.7658,77.0,100,40,3.44,scattered clouds
237,La Rioja,ES,42.25,-2.5,32.0,93,0,9.22,clear sky
238,Ahipara,NZ,-35.1667,173.1667,71.92,68,15,6.76,few clouds
239,Nanortalik,GL,60.1432,-45.2371,29.12,94,100,10.8,light snow
240,Burlington,US,39.8835,-74.6413,35.01,69,1,4.85,clear sky
241,Zacatepec,MX,18.65,-99.2,69.01,57,14,1.21,few clouds
242,Torbay,CA,47.6666,-52.7314,30.0,93,90,6.91,light snow
243,Kollegal,IN,12.15,77.1167,69.8,43,40,5.75,scattered clouds
244,Ponta Do Sol,PT,32.6667,-17.1,52.0,56,90,1.99,overcast clouds
245,Jiexiu,CN,37.0244,111.9125,42.89,45,0,2.75,clear sky
246,Fortuna,US,40.5982,-124.1573,55.99,100,90,1.97,overcast clouds
247,Ewa Beach,US,21.3156,-158.0072,80.6,61,1,12.66,clear sky
248,Port Hardy,CA,50.6996,-127.4199,42.8,87,90,4.61,overcast clouds
249,Mecca,SA,21.4267,39.8261,70.07,68,0,2.53,clear sky
250,Viedma,AR,-40.8135,-62.9967,66.99,68,100,23.22,light rain
251,Kieta,PG,-6.2167,155.6333,86.27,57,100,5.23,overcast clouds
252,Victoria,HK,22.2855,114.1577,64.99,40,36,3.0,scattered clouds
253,Leshukonskoye,RU,64.8989,45.7622,-16.6,86,59,3.53,broken clouds
254,Jiangmen,CN,22.5833,113.0833,64.0,51,26,1.9,scattered clouds
255,Lompoc,US,34.6391,-120.4579,66.2,82,1,8.14,clear sky
256,Baherden,TM,38.4362,57.4316,41.4,63,0,7.25,clear sky
257,Faanui,PF,-16.4833,-151.75,81.54,75,100,16.51,light rain
258,Bismarck,US,46.8083,-100.7837,46.4,57,90,28.77,light rain
259,Husavik,IS,66.0449,-17.3389,39.2,70,90,8.05,overcast clouds
260,Abu Samrah,SY,35.3029,37.1841,50.77,82,0,11.65,clear sky
261,Sur,OM,22.5667,59.5289,63.12,57,0,2.44,clear sky
262,Caravelas,BR,-17.7125,-39.2481,74.66,85,0,4.79,clear sky
263,Georgetown,MY,5.4112,100.3354,81.0,78,20,1.14,few clouds
264,Mahebourg,MU,-20.4081,57.7,77.0,88,75,6.91,broken clouds
265,Villazon,BO,-22.0866,-65.5942,52.29,76,100,10.25,overcast clouds
266,Iqaluit,CA,63.7506,-68.5145,-14.01,70,20,3.78,few clouds
267,Port Elizabeth,ZA,-33.918,25.5701,69.8,88,90,11.5,overcast clouds
268,Clyde River,CA,70.4692,-68.5914,-4.0,84,90,11.5,light snow
269,Kavaratti,IN,10.5669,72.642,79.41,74,100,4.54,light rain
270,Ambilobe,MG,-13.2,49.05,75.72,93,55,0.74,broken clouds
271,Palmer,US,42.1584,-72.3287,35.01,64,90,4.61,overcast clouds
272,Bayangol,RU,50.6977,103.4656,-10.08,83,81,1.59,broken clouds
273,Coahuayana,MX,18.7333,-103.6833,73.63,56,99,2.28,overcast clouds
274,Druzhba,UA,52.0428,33.9453,15.17,97,82,5.5,broken clouds
275,Odweyne,SO,9.4092,45.064,59.47,35,32,4.47,scattered clouds
276,Maniitsoq,GL,65.4167,-52.9,21.24,95,100,8.43,overcast clouds
277,Itaueira,BR,-7.6033,-43.0256,73.11,86,1,0.51,light rain
278,Hamilton,US,39.1834,-84.5333,41.0,65,1,4.61,clear sky
279,Castricum,NL,52.5483,4.6694,37.0,88,100,6.08,overcast clouds
280,Aksarka,RU,66.5606,67.7975,-2.87,87,100,12.97,overcast clouds
281,Jinchang,CN,38.4953,102.1739,27.95,62,1,4.83,clear sky
282,Klyuchi,RU,52.2667,79.1667,-25.56,86,94,6.55,overcast clouds
283,Belaya Gora,RU,68.5333,146.4167,-32.98,83,100,3.83,overcast clouds
284,Jefferson City,US,38.5767,-92.1735,48.2,43,1,4.61,clear sky
285,Atbasar,KZ,51.8,68.3333,-16.78,84,0,5.88,clear sky
286,North Bend,US,43.4065,-124.2243,52.0,93,1,3.44,mist
287,Lerik,AZ,38.7726,48.4128,46.4,100,90,3.44,mist
288,Kerman,IR,30.2832,57.0788,21.2,38,0,2.3,clear sky
289,Roald,NO,62.5833,6.1333,25.0,86,0,8.05,clear sky
290,Salinopolis,BR,-0.6136,-47.3561,79.03,85,84,11.45,light rain
291,Khani,GE,41.9563,42.9566,51.8,93,90,2.3,overcast clouds
292,Sibu,MY,2.3,111.8167,77.0,88,40,3.44,light rain
293,Garca,BR,-22.2106,-49.6561,72.0,92,100,4.0,overcast clouds
294,Beyneu,KZ,45.3167,55.2,32.59,90,62,32.21,broken clouds
295,Paamiut,GL,61.994,-49.6678,22.39,94,100,6.13,overcast clouds
296,Moerai,PF,-22.4333,-151.3333,79.7,77,0,13.85,clear sky
297,Palauig,PH,15.435,119.9045,82.42,59,14,2.13,few clouds
298,Ecatepec,MX,19.6011,-99.0525,62.6,48,90,9.22,overcast clouds
299,Teahupoo,PF,-17.8333,-149.2667,86.0,66,40,8.05,scattered clouds
300,Solnechnyy,RU,50.7214,136.6319,-2.94,85,100,4.65,overcast clouds
301,Camopi,GF,3.1655,-52.3158,71.37,98,98,2.55,overcast clouds
302,Micheweni,TZ,-4.9667,39.8333,78.57,80,7,9.62,clear sky
303,Havelock,US,34.8791,-76.9013,43.0,100,1,3.44,clear sky
304,Sampit,ID,-2.5333,112.95,78.46,92,100,4.34,light rain
305,Carupano,VE,10.6678,-63.2585,74.91,87,99,9.8,overcast clouds
306,Kawhia,NZ,-38.0651,174.8183,86.0,41,14,3.0,few clouds
307,Pisco,PE,-13.7,-76.2167,69.8,83,0,13.8,clear sky
308,Tambovka,RU,50.0969,128.0489,-7.6,59,0,4.47,clear sky
309,Turayf,SA,31.6725,38.6637,50.0,62,0,9.22,clear sky
310,Shakawe,BW,-18.3667,21.85,68.14,94,100,2.33,overcast clouds
311,Binzhou,CN,37.3667,118.0167,44.1,56,0,8.3,clear sky
312,Lata,PT,40.1629,-8.3327,46.0,91,5,3.13,clear sky
313,Siuna,NI,13.7332,-84.7773,67.8,82,48,3.06,scattered clouds
314,Hobyo,SO,5.3505,48.5268,76.08,77,66,20.42,broken clouds
315,Damghan,IR,36.1683,54.348,35.13,76,0,1.07,clear sky
316,Namatanai,PG,-3.6667,152.4333,85.62,64,99,10.94,overcast clouds
317,San Cristobal,VE,7.7669,-72.225,62.83,85,100,1.63,overcast clouds
318,Isla Mujeres,MX,21.2311,-86.731,73.0,100,90,4.61,light rain
319,Bandarbeyla,SO,9.4942,50.8122,73.06,75,96,20.76,overcast clouds
320,Narsaq,GL,60.9167,-46.05,28.4,86,90,3.44,light snow
321,Pittsfield,US,42.4501,-73.2454,30.2,74,1,4.09,clear sky
322,Lisakovsk,KZ,52.5369,62.4936,-17.91,88,100,3.6,overcast clouds
323,Male,MV,4.1748,73.5089,82.4,78,75,9.22,broken clouds
324,Acapulco,MX,16.8634,-99.8901,80.6,74,20,11.5,few clouds
325,Zhigansk,RU,66.7697,123.3711,-40.11,80,83,11.74,broken clouds
326,Acarau,BR,-2.8856,-40.12,78.24,81,98,12.33,light rain
327,Mitsamiouli,KM,-11.3847,43.2844,80.85,75,12,8.5,few clouds
328,Alekseyevsk,RU,57.8406,108.3492,-9.45,87,100,14.41,overcast clouds
329,Weston,US,26.1004,-80.3998,62.6,100,75,5.75,moderate rain
330,Digby,CA,44.6169,-65.7655,33.8,80,100,3.44,overcast clouds
331,Lucea,JM,18.451,-78.1736,77.0,83,20,2.3,few clouds
332,Yulara,AU,-25.2406,130.9889,100.4,15,0,5.75,clear sky
333,Wanxian,CN,30.8039,108.3897,51.42,46,0,3.22,clear sky
334,Vestmannaeyjar,IS,63.4427,-20.2734,43.92,77,70,13.62,broken clouds
335,Takoradi,GH,4.8845,-1.7554,78.35,87,80,7.83,broken clouds
336,Nelson Bay,AU,-32.7167,152.15,90.0,48,0,9.22,clear sky
337,Peno,RU,56.9262,32.7426,5.67,94,100,11.5,snow
338,Nikolayevka,RU,53.1257,47.2041,14.56,95,100,16.02,snow
339,Bubaque,GW,11.2833,-15.8333,77.56,69,0,7.76,clear sky
340,Santa Cruz De Tenerife,ES,28.4682,-16.2546,57.99,81,0,2.3,clear sky
341,Bambous Virieux,MU,-20.3428,57.7575,81.0,88,75,6.91,broken clouds
342,Palimbang,PH,6.2106,124.1894,86.43,65,30,5.88,scattered clouds
343,Mogadishu,SO,2.0371,45.3438,74.88,84,2,18.03,clear sky
344,Port Macquarie,AU,-31.4333,152.9167,90.0,48,0,4.0,clear sky
345,Kitimat,CA,54.0524,-128.6534,35.01,93,77,3.31,broken clouds
346,Pevek,RU,69.7008,170.3133,-17.48,89,100,1.83,overcast clouds
347,Pascagoula,US,30.3658,-88.5561,44.6,93,1,5.44,clear sky
348,Hofn,IS,64.2539,-15.2082,40.95,93,100,12.71,light rain
349,Necochea,AR,-38.5473,-58.7368,57.99,80,25,15.41,scattered clouds
350,Lagoa,PT,39.05,-27.9833,61.02,91,82,18.14,broken clouds
351,Mount Gambier,AU,-37.8333,140.7667,66.2,63,75,20.71,broken clouds
352,Marzuq,YE,14.4,46.4667,49.77,51,0,1.79,clear sky
353,Hammerfest,NO,70.6634,23.6821,32.0,74,75,13.8,snow
354,Saurimo,AO,-9.6608,20.3916,62.47,92,100,3.87,overcast clouds
355,Svetlyy,RU,54.675,20.1347,30.2,93,90,8.95,overcast clouds
356,Santa Maria,BR,-29.6842,-53.8069,68.0,83,40,9.22,scattered clouds
357,Chokurdakh,RU,70.6333,147.9167,-25.47,86,100,6.46,overcast clouds
358,Carnarvon,AU,-24.8667,113.6333,84.2,74,50,14.97,scattered clouds
359,Beringovskiy,RU,63.05,179.3167,-11.2,89,100,9.75,overcast clouds
360,Hot Springs,US,34.5037,-93.0552,39.99,70,1,5.64,clear sky
361,Bathsheba,BB,13.2167,-59.5167,80.6,65,20,17.27,few clouds
362,Felanitx,ES,39.4696,3.1483,44.01,93,0,2.3,clear sky
363,Salalah,OM,17.0151,54.0924,71.6,30,0,9.22,clear sky
364,Tukrah,LY,32.5341,20.5791,58.01,67,24,19.17,few clouds
365,Palma Del Rio,ES,37.7002,-5.2812,37.99,100,0,1.14,clear sky
366,Kamra,PK,33.7473,73.5111,43.88,50,19,10.27,few clouds
367,Barra Do Garcas,BR,-15.89,-52.2567,76.06,83,100,0.85,light rain
368,Port Lincoln,AU,-34.7333,135.8667,65.07,53,26,14.61,scattered clouds
369,Osypenko,UA,46.9136,36.8253,28.0,53,100,1.99,overcast clouds
370,Huarmey,PE,-10.0681,-78.1522,70.74,85,100,7.29,overcast clouds
371,Chitral,PK,35.8462,71.7858,37.83,43,0,8.52,clear sky
372,Gayeri,BF,12.6497,0.4931,67.69,23,0,7.45,clear sky
373,Akyab,MM,20.15,92.9,69.31,55,65,5.73,broken clouds
374,Carauari,BR,-4.8828,-66.8958,74.28,96,100,3.22,moderate rain
375,Umm Kaddadah,SD,13.6017,26.6876,63.64,28,0,13.62,clear sky
376,West Bay,KY,19.3667,-81.4167,78.01,94,20,4.61,few clouds
377,Svetlogorsk,BY,52.6333,29.7333,16.34,97,95,5.73,overcast clouds
378,Ovsyanka,RU,55.9575,92.5519,-2.2,71,100,15.66,light snow
379,Yangambi,CD,0.8102,24.4336,70.07,82,100,0.98,overcast clouds
380,Kongolo,CD,-5.3833,27.0,69.22,94,100,2.59,light rain
381,Ulaangom,MN,49.9811,92.0667,-4.79,91,100,1.41,snow
382,Pacific Grove,US,36.6177,-121.9166,60.01,72,1,3.44,clear sky
383,Sept-Iles,CA,50.2001,-66.3821,23.0,86,100,3.44,light snow
384,Karratha,AU,-20.7377,116.8463,105.1,20,7,8.1,clear sky
385,Sabzevar,IR,36.2126,57.6819,37.04,58,0,1.66,clear sky
386,Sayat,TM,38.7839,63.8803,32.0,86,0,9.22,mist
387,Mananara,MG,-16.1667,49.7667,76.01,88,77,2.62,broken clouds
388,Taltal,CL,-25.4,-70.4833,63.63,73,2,2.68,clear sky
389,Merauke,ID,-8.4667,140.3333,86.31,71,97,9.8,light rain
390,Fairbanks,US,64.8378,-147.7164,-2.2,78,75,1.14,broken clouds
391,Dwarka,IN,22.2394,68.9678,67.55,40,0,9.28,clear sky
392,Isangel,VU,-19.55,169.2667,86.0,84,75,6.91,light rain
393,Price,US,39.5994,-110.8107,19.4,68,1,3.44,clear sky
394,Candolim,IN,15.5181,73.7626,75.2,60,40,6.91,scattered clouds
395,Bac Lieu,VN,9.285,105.7244,76.84,57,0,5.26,clear sky
396,Fenyi,CN,27.8112,114.6681,57.96,36,20,1.7,few clouds
397,Sioux Lookout,CA,50.1001,-91.917,26.6,93,90,4.61,mist
398,Sabang,ID,5.8933,95.3214,80.98,81,67,17.94,broken clouds
399,Tuatapere,NZ,-46.1333,167.6833,64.2,73,43,8.52,scattered clouds
400,Sangar,RU,63.9242,127.4739,-43.38,79,78,4.74,broken clouds
401,Yuncheng,CN,35.0231,110.9928,48.94,40,0,1.57,clear sky
402,Kabompo,ZM,-13.5927,24.2008,64.26,97,100,2.62,overcast clouds
403,Barentu,ER,15.1139,37.5928,55.24,79,0,1.21,clear sky
404,Provideniya,RU,64.3833,-173.3,5.0,72,75,6.71,light snow
405,Hay River,CA,60.8156,-115.7999,19.4,93,100,16.11,light snow
406,Russell,US,32.3502,-85.1999,44.6,80,1,4.92,clear sky
407,Kursumlija,RS,43.1458,21.2686,30.2,86,75,3.44,broken clouds
408,Plastun,RU,44.7561,136.2939,15.55,76,0,17.65,clear sky
409,Batagay-Alyta,RU,67.8006,130.4114,-40.65,71,0,1.3,clear sky
410,Olinda,BR,-8.0089,-34.8553,78.8,69,40,3.44,scattered clouds
411,Prainha,BR,-1.8,-53.48,74.46,90,77,3.62,moderate rain
412,Soure,BR,-0.7167,-48.5233,79.38,85,100,9.6,light rain
413,Imeni Babushkina,RU,59.7573,43.1285,-16.85,87,99,6.67,overcast clouds
414,High Rock,BS,26.6208,-78.2833,68.0,88,90,13.18,overcast clouds
415,Olafsvik,IS,64.8945,-23.7142,40.37,82,33,18.88,scattered clouds
416,Aban,RU,56.67,96.06,-7.73,90,100,12.12,overcast clouds
417,Nouadhibou,MR,20.931,-17.0347,59.0,72,100,18.41,overcast clouds
418,Escanaba,US,45.7453,-87.0646,24.01,100,1,3.56,mist
419,Mutoko,ZW,-17.397,32.2268,63.99,100,99,5.03,light rain
420,Formosa,AR,-26.1775,-58.1781,80.6,83,0,8.05,clear sky
421,Aswan,EG,24.0934,32.907,60.48,44,1,11.68,clear sky
422,Kindu,CD,-2.95,25.95,69.85,96,100,1.63,light rain
423,Dhidhdhoo,MV,6.8833,73.1,80.47,78,100,10.09,moderate rain
424,Slavutych,UA,51.5196,30.7343,19.56,95,79,3.74,broken clouds
425,Erdenet,MN,49.0333,104.0833,-8.54,87,37,4.36,scattered clouds
426,Vila Velha,BR,-20.3297,-40.2925,77.0,83,20,3.44,light rain
427,Businga,CD,3.3333,20.8833,67.53,40,13,0.87,few clouds
428,Kyzyl-Suu,KG,42.3414,78.0056,27.09,84,55,8.52,broken clouds
429,Vanavara,RU,60.34,102.2797,-6.11,89,100,12.68,overcast clouds
430,High Level,CA,58.5169,-117.136,32.0,64,90,9.22,overcast clouds
431,Le Port,RE,-20.9373,55.2919,77.0,88,90,8.05,light rain
432,Cocorit,MX,27.5833,-109.9667,55.49,50,0,5.32,clear sky
433,Grand-Lahou,CI,5.1367,-5.0242,78.46,85,0,8.9,clear sky
434,Trussville,US,33.6198,-86.6089,33.8,80,20,2.89,few clouds
435,Bosaso,SO,11.2842,49.1816,70.03,73,1,4.56,clear sky
436,Lavrentiya,RU,65.5833,-171.0,-1.46,91,100,4.27,overcast clouds
437,Bahia Honda,CU,22.9036,-83.1592,70.05,93,85,13.96,overcast clouds
438,Changji,CN,44.0167,87.3167,15.8,73,89,2.24,overcast clouds
439,Usinsk,RU,65.9939,57.5281,-17.19,86,77,10.49,broken clouds
440,Muzhi,RU,65.3667,64.6667,-0.94,83,38,5.88,scattered clouds
441,Yarada,IN,17.65,83.2667,69.8,100,10,2.3,fog
442,Yueyang,CN,29.3333,113.0919,57.7,36,0,9.93,clear sky
443,Cooma,AU,-36.2333,149.1333,80.6,22,0,17.27,clear sky
444,Port Moresby,PG,-9.4431,147.1797,87.8,70,20,5.75,few clouds
445,Katsuura,JP,35.1333,140.3,52.0,54,20,6.91,few clouds
446,Taseyevo,RU,57.2169,94.8978,-8.3,87,100,9.78,overcast clouds
447,Lander,US,42.833,-108.7307,35.6,55,90,23.02,overcast clouds
448,Atambua,ID,-9.1061,124.8925,86.18,65,100,1.39,light rain
449,Chingirlau,KZ,51.095,54.0814,4.46,91,91,20.87,overcast clouds
450,Fort Nelson,CA,58.8053,-122.7002,15.8,100,75,3.44,broken clouds
451,Lasa,IT,46.6166,10.7002,34.0,100,90,3.44,snow
452,Wladyslawowo,PL,54.7909,18.4009,34.0,100,20,1.14,fog
453,Dingle,PH,10.9995,122.6711,81.41,83,100,14.23,overcast clouds
454,Alexandria,EG,31.2156,29.9553,60.8,77,40,11.5,light rain
455,Kamenka,RU,51.3223,42.7678,33.21,95,100,21.14,snow
456,Namibe,AO,-15.1961,12.1522,71.89,69,100,2.21,overcast clouds
457,Mezen,RU,65.8522,44.24,-15.32,88,75,5.1,broken clouds
458,Richards Bay,ZA,-28.783,32.0377,72.63,90,75,3.15,broken clouds
459,Chagoda,RU,59.164,35.3285,-10.61,90,100,8.03,overcast clouds
460,Grafton,US,42.207,-71.6856,35.01,60,90,12.66,overcast clouds
461,Sorland,NO,67.667,12.6934,35.1,84,86,4.05,overcast clouds
462,Breclav,CZ,48.759,16.882,35.01,81,100,12.06,light snow
463,Beloha,MG,-25.1667,45.05,73.85,94,19,6.13,few clouds
464,Limon,CR,10.0,-83.0333,76.64,78,96,5.55,overcast clouds
465,Ikungi,TZ,-5.1333,34.7667,60.06,95,69,4.63,broken clouds
466,Rocha,UY,-34.4833,-54.3333,56.26,77,0,4.92,clear sky
467,Murmansk,RU,68.0,34.0,-3.6,89,100,2.68,overcast clouds
468,Kashi,CN,39.4547,75.9797,35.6,41,0,8.95,clear sky
469,Huambo,AO,-12.7761,15.7392,56.44,83,95,1.79,overcast clouds
470,Banda Aceh,ID,5.5577,95.3222,81.95,74,54,9.95,broken clouds
471,Ojinaga,MX,29.5667,-104.4167,46.99,39,1,9.22,clear sky
472,Huilong,CN,31.8111,121.655,57.0,40,16,1.01,few clouds
473,Flin Flon,CA,54.7682,-101.865,25.43,98,100,8.39,snow
474,Mana,GF,5.6592,-53.7767,76.96,86,100,12.1,overcast clouds
475,Harwich,GB,51.9419,1.2844,39.0,89,100,5.01,moderate rain
476,Xining,CN,36.6167,101.7667,23.95,52,0,1.59,clear sky
477,Pangody,RU,65.85,74.4859,4.28,93,100,18.68,overcast clouds
478,Boyolangu,ID,-8.1181,111.8935,83.05,71,100,6.35,overcast clouds
479,Ruteng,ID,-8.6136,120.4721,79.7,62,100,1.48,overcast clouds
480,Bluefield,US,37.2698,-81.2223,35.6,30,1,6.91,clear sky
481,Urumqi,CN,43.801,87.6005,15.8,73,86,2.24,overcast clouds
482,Biak,ID,-0.9131,122.8766,84.51,69,42,1.72,light rain
483,Mount Barker,AU,-35.0667,138.8667,71.01,51,0,11.01,clear sky
484,Shirokiy,RU,49.758,129.523,-11.7,87,4,7.7,clear sky
485,Saint-Augustin,CA,51.226,-58.6502,19.69,92,56,6.46,broken clouds
486,Lusambo,CD,-4.9667,23.45,68.67,93,100,0.58,overcast clouds
487,Poli,TZ,-3.3333,36.8,68.0,88,75,9.22,broken clouds
488,Kruisfontein,ZA,-34.0033,24.7314,70.0,91,98,3.0,overcast clouds
489,Murgab,TM,37.4966,61.9714,35.6,80,0,6.91,clear sky
490,Tuy Hoa,VN,13.0833,109.3,67.71,79,98,8.12,overcast clouds
491,Uray,RU,60.1247,64.7758,-14.37,86,0,5.82,clear sky
492,Lubango,AO,-14.9172,13.4925,55.58,61,100,4.45,overcast clouds
493,Camana,PE,-16.6228,-72.7111,70.59,74,99,6.44,overcast clouds
494,Paracuaro,MX,20.15,-100.7667,57.87,58,93,1.61,overcast clouds
495,Naze,JP,28.3667,129.4833,62.6,55,75,10.36,broken clouds
496,Krasnyy Yar,RU,46.5331,48.3456,32.0,80,90,17.9,overcast clouds
497,Orocue,CO,4.7912,-71.3354,76.21,76,86,5.46,overcast clouds
498,La Rochelle,FR,46.1667,-1.15,48.2,93,75,6.91,broken clouds
499,Dunedin,NZ,-45.8742,170.5036,67.05,63,5,10.42,clear sky
500,Green Haven,US,39.1395,-76.5477,37.4,80,1,4.47,clear sky
501,Promyshlennyy,RU,67.5833,63.9167,-15.81,89,100,13.73,overcast clouds
502,Lebanon,US,36.2081,-86.2911,39.2,70,1,9.22,clear sky
503,Mahanoro,MG,-19.9,48.8,77.41,86,16,5.73,few clouds
504,Palana,RU,59.1167,159.9667,-0.89,92,79,7.31,broken clouds
505,Makushino,RU,55.2103,67.2442,-22.23,84,0,3.56,clear sky
506,Karasjok,NO,69.4719,25.5112,3.2,72,75,18.41,broken clouds
507,Ucluelet,CA,48.9329,-125.5528,44.01,86,61,4.05,broken clouds
508,Mishan,CN,45.55,131.8833,5.97,90,0,13.69,clear sky
509,Codrington,AU,-38.2667,141.9667,63.43,73,83,19.73,broken clouds
510,Yunyang,CN,33.4474,112.7142,52.0,39,39,10.98,scattered clouds
511,Shaoyang,CN,27.2315,111.4525,56.82,38,0,5.35,clear sky
512,Tilichiki,RU,60.4667,166.1,-23.03,85,0,7.85,clear sky
513,Kingori,TZ,-3.2833,36.9833,68.0,77,20,8.05,few clouds
514,Jalu,LY,29.0331,21.5482,55.09,59,63,18.97,broken clouds
515,Tazovskiy,RU,67.4667,78.7,-7.08,92,100,7.4,overcast clouds
516,Stara Synyava,UA,49.6032,27.6191,26.6,96,100,11.41,overcast clouds
517,Padang,ID,-0.9492,100.3543,84.2,65,20,2.3,few clouds
518,Tagusao,PH,9.1924,117.8141,83.57,71,27,9.22,scattered clouds
519,Sandwick,GB,60.0,-1.25,39.2,60,75,20.71,broken clouds
520,Gornopravdinsk,RU,60.05,69.9,-16.98,87,16,6.4,few clouds
521,Moose Factory,CA,51.2585,-80.6094,24.8,93,90,5.75,overcast clouds
522,Avila,ES,40.5833,-5.0,14.0,85,0,3.44,clear sky
523,Asbe Teferi,ET,9.0833,40.8667,53.35,54,41,1.68,scattered clouds
524,Guerrero Negro,MX,27.9769,-114.0611,60.19,53,0,10.6,clear sky
525,Limbang,MY,4.75,115.0,78.8,94,75,2.3,broken clouds
526,Khandyga,RU,62.6667,135.6,-43.1,79,79,0.43,broken clouds
527,Vardo,NO,70.3705,31.1107,21.43,96,100,18.86,overcast clouds
528,Aketi,CD,2.7388,23.7833,68.5,54,28,0.45,scattered clouds
529,Hounde,BF,11.5,-3.5167,68.72,21,0,6.67,clear sky
530,Mersing,MY,2.4312,103.8405,78.8,83,40,6.91,scattered clouds
531,Sinnamary,GF,5.3833,-52.95,77.56,85,97,12.46,overcast clouds
532,Chicama,PE,-7.8447,-79.1469,71.28,78,100,6.35,overcast clouds
533,Ventspils,LV,57.3894,21.5606,30.2,100,90,8.05,overcast clouds
534,Nadvoitsy,RU,63.8667,34.3167,-12.77,91,94,2.93,overcast clouds
535,Bilibino,RU,68.0546,166.4372,-24.32,81,61,5.5,broken clouds
536,Iralaya,HN,15.0,-83.2333,75.85,83,22,7.99,few clouds
537,Sambava,MG,-14.2667,50.1667,76.96,90,45,3.4,scattered clouds
538,Gangarampur,IN,25.4,88.5167,59.58,47,21,4.45,few clouds
539,Warrnambool,AU,-38.3833,142.4833,66.99,65,39,5.01,scattered clouds
540,San Vicente,AR,-26.6167,-54.1333,71.11,86,7,6.04,light rain
541,Comodoro Rivadavia,AR,-45.8667,-67.5,59.0,94,0,1.14,clear sky
542,Miri,MY,4.4148,114.0089,78.8,94,40,4.61,scattered clouds
543,Shingu,JP,33.7333,135.9833,55.4,54,20,11.5,few clouds
544,Ancud,CL,-41.8697,-73.8203,52.0,81,0,2.3,clear sky
545,Corinto,GR,37.9407,22.9573,50.0,53,38,1.99,scattered clouds
546,Beian,NO,63.6559,9.5683,19.4,79,20,14.97,few clouds
547,Lappeenranta,FI,61.0587,28.1887,3.99,79,100,10.67,overcast clouds
548,Presidencia Roque Saenz Pena,AR,-26.7852,-60.4388,79.0,77,12,1.99,few clouds
549,Scarborough,GB,54.2797,-0.4044,33.01,93,100,9.6,snow
550,Mayo,US,38.8876,-76.5119,35.6,78,1,6.2,haze
551,Ardakan,IR,32.31,54.0175,30.2,31,0,6.91,clear sky
552,Kjollefjord,NO,70.9457,27.3465,31.66,96,100,13.6,light snow
553,Kulhudhuffushi,MV,6.6221,73.07,80.35,78,100,8.41,moderate rain
554,Ishinomaki,JP,38.4167,141.3,44.6,65,75,3.44,broken clouds
555,Bagua Grande,PE,-5.7561,-78.4411,76.08,68,100,2.93,light rain
556,Vangaindrano,MG,-23.35,47.6,75.97,91,12,3.22,few clouds
557,Naifaru,MV,5.4444,73.3657,80.19,75,77,2.93,broken clouds
558,Grindavik,IS,63.8424,-22.4338,39.2,87,40,13.8,scattered clouds
559,Cayenne,GF,4.9333,-52.3333,78.8,83,75,8.05,broken clouds
560,Paso De Patria,AR,-27.2454,-58.5454,78.01,80,35,1.99,light rain
561,Mokolo,CM,10.7398,13.8019,63.0,26,0,6.13,clear sky
562,Opuwo,NA,-18.0607,13.84,66.88,53,100,3.96,overcast clouds
563,Makat,KZ,47.6469,53.3463,19.04,94,100,30.6,overcast clouds
564,Samarai,PG,-10.6167,150.6667,84.24,76,100,7.34,light rain
565,Saint-Francois,FR,46.4154,3.9054,44.01,93,75,10.36,broken clouds
566,Green Valley,US,31.8543,-110.9937,54.0,24,1,2.21,clear sky
567,Sueyoshi,JP,31.65,131.0167,57.2,66,20,3.44,few clouds
568,Coihaique,CL,-45.5752,-72.0662,53.6,82,0,3.85,clear sky
569,Vilhena,BR,-12.7406,-60.1458,70.0,98,97,2.59,overcast clouds
570,Atar,MR,20.5169,-13.0499,61.11,28,88,14.67,overcast clouds
571,Kampli,IN,15.4,76.6167,71.82,66,0,5.93,clear sky
572,Grand Gaube,MU,-20.0064,57.6608,81.0,76,5,7.0,clear sky
573,Dukat,RU,62.55,155.55,-37.17,80,72,4.59,broken clouds
574,Lagunas,PE,-5.2269,-75.6753,73.67,97,100,0.85,overcast clouds
575,Khorol,UA,49.7837,33.2783,19.53,97,5,5.73,clear sky
576,Batticaloa,LK,7.7102,81.6924,78.19,87,96,2.59,overcast clouds
577,Apiai,BR,-24.5094,-48.8425,65.3,100,100,3.69,overcast clouds
578,Rossosh,RU,51.1209,38.5116,24.19,97,100,14.12,overcast clouds
579,Nome,US,64.5011,-165.4064,17.6,93,90,9.22,overcast clouds
580,Aloleng,PH,16.1307,119.7824,82.11,65,31,9.15,scattered clouds
581,Mareeba,AU,-17.0,145.4333,84.0,81,88,7.0,overcast clouds
582,Esqueda,MX,30.7167,-109.5833,44.76,42,0,2.08,clear sky
583,Chachapoyas,PE,-6.2317,-77.869,55.78,88,100,2.1,light rain
584,Palma,ES,39.5694,2.6502,44.01,93,0,2.3,clear sky
585,Magaria,NE,12.9983,8.9099,62.02,28,0,8.08,clear sky
586,Kuybyshevo,RU,47.8123,38.9073,26.69,97,100,5.99,overcast clouds
587,Millington,US,35.3415,-89.8973,44.01,81,1,11.5,clear sky
588,Port-Cartier,CA,50.0334,-66.8654,23.0,86,100,3.44,light snow
589,Haimen,CN,23.1935,116.6142,55.4,50,0,4.47,clear sky
590,Tura,IN,25.5198,90.2201,66.51,36,0,0.4,clear sky
591,Mirnyy,RU,62.5353,113.9611,-18.11,86,100,8.57,overcast clouds
592,Mityana,UG,0.4175,32.0228,65.35,75,70,0.76,broken clouds
593,Terrace Bay,CA,48.7834,-87.1,30.2,80,100,1.14,overcast clouds
594,Punta Alta,AR,-38.8759,-62.0736,73.71,32,50,17.07,scattered clouds
595,Senno,RU,59.5336,33.9167,-6.54,90,100,7.67,overcast clouds
596,Kilindoni,TZ,-7.9139,39.6668,79.65,79,0,12.03,clear sky
597,Yumen,CN,40.2833,97.2,25.21,66,99,17.83,overcast clouds
598,Sorsk,RU,54.0033,90.2467,-12.14,83,100,4.74,overcast clouds
599,Beitbridge,ZW,-22.2167,30.0,73.65,76,0,10.67,clear sky
600,Amapa,BR,1.0,-52.0,71.8,98,19,1.97,few clouds
601,Malanville,BJ,11.8685,3.3899,66.65,23,0,6.82,clear sky
602,Geraldton,AU,-28.7667,114.6,93.2,21,0,16.11,clear sky
603,Hovd,MN,48.0056,91.6419,4.42,76,100,6.31,overcast clouds
604,Goure,NE,13.9835,10.2704,63.23,28,0,10.07,clear sky
605,La Mana,EC,-0.9333,-79.2167,50.0,93,75,11.5,light rain
606,Saint-Ambroise,CA,48.5501,-71.3324,30.0,93,100,2.3,overcast clouds
607,Alice Springs,AU,-23.7,133.8833,100.4,14,0,13.8,clear sky
608,Fort-Shevchenko,KZ,44.5086,50.263,42.4,70,90,30.8,overcast clouds
609,Coos Bay,US,43.3665,-124.2179,51.8,87,1,4.61,clear sky
610,Khilok,RU,51.3674,110.4676,-6.63,86,100,5.66,overcast clouds
611,Djambala,CG,-2.5447,14.7533,66.33,100,100,6.51,moderate rain
612,Tocopilla,CL,-22.092,-70.1979,67.21,65,34,5.53,scattered clouds
613,Ust-Omchug,RU,61.15,149.6333,-24.32,82,93,3.49,overcast clouds
614,Lewiston,US,44.1003,-70.2148,32.0,80,90,4.92,overcast clouds
615,Bartica,GY,6.4,-58.6167,73.4,94,75,2.3,broken clouds
616,Denizli,TR,37.8402,29.0698,37.4,93,75,2.51,light rain
617,Oga,IT,46.4631,10.347,36.0,86,75,18.41,snow
618,Sidi Ali,DZ,36.0998,0.4206,45.18,85,1,6.44,clear sky
619,Puerto Baquerizo Moreno,EC,-0.9,-89.6,74.07,92,56,9.69,broken clouds
620,Aguia Branca,BR,-18.9831,-40.7403,69.98,93,4,1.45,clear sky
621,Dzerzhinskoye,RU,56.8344,95.2283,-7.69,88,100,8.23,overcast clouds
622,Key West,US,24.5557,-81.7826,64.4,94,90,10.36,light rain
623,Kiama,AU,-34.6833,150.8667,90.0,63,12,4.0,few clouds
624,Leh,IN,34.1667,77.5833,6.51,29,0,1.74,clear sky
625,Padampur,IN,29.6833,73.6167,53.74,34,52,5.93,broken clouds
626,Lalibela,ET,12.0333,39.0333,46.92,68,16,2.37,few clouds
627,Conde,BR,-7.2597,-34.9075,77.0,83,0,4.61,clear sky
628,Zhuhai,CN,22.2769,113.5678,63.0,63,3,5.75,clear sky
629,Bonnyville,CA,54.2668,-110.735,30.2,80,75,14.97,broken clouds
630,Kingaroy,AU,-26.5333,151.8333,82.4,44,0,6.91,clear sky
631,Harper,LR,4.375,-7.7169,77.25,86,100,6.11,light rain
632,Borba,BR,-4.3878,-59.5939,74.37,95,81,1.59,broken clouds
633,Milkovo,RU,54.7167,158.6167,0.21,86,0,0.45,clear sky
634,Cravo Norte,CO,6.3017,-70.2041,76.24,77,94,5.28,overcast clouds
635,Snezhnogorsk,RU,69.1933,33.2531,-5.8,84,0,2.24,clear sky
636,Holland,US,42.7875,-86.1089,39.2,75,90,10.36,overcast clouds
637,Zunyi,CN,27.6867,106.9072,47.88,56,0,2.84,clear sky
638,Asfi,MA,32.2994,-9.2372,50.27,74,0,11.03,clear sky
639,Conway,US,35.0887,-92.4421,44.6,65,40,3.44,scattered clouds
640,Kot Samaba,PK,28.5522,70.4684,55.06,29,100,0.78,overcast clouds
641,Northam,GB,51.0333,-4.2167,50.0,100,100,7.0,overcast clouds
642,Port Hedland,AU,-20.3167,118.5667,111.2,15,0,11.5,clear sky
643,Obo,CF,5.3998,26.4869,63.14,39,85,1.57,overcast clouds
644,Shahrud,IR,36.4182,54.9763,35.91,71,0,4.38,clear sky
645,Lapithos,CY,35.3375,33.1792,51.8,71,75,5.75,broken clouds
646,Sterling,US,39.0062,-77.4286,37.99,80,1,3.42,clear sky
647,Slave Lake,CA,55.2834,-114.769,32.0,55,1,23.02,light rain
648,Wasilla,US,61.5814,-149.4394,30.2,59,75,6.91,broken clouds
649,Rockport,US,28.0206,-97.0544,53.01,81,1,6.91,clear sky
650,Tianpeng,CN,30.9866,103.9393,51.01,1,0,4.7,clear sky
651,Kununurra,AU,-15.7667,128.7333,91.4,66,88,1.14,overcast clouds
652,San Jeronimo,PE,-11.9472,-75.2829,50.7,75,100,3.33,light rain
653,Dedougou,BF,12.4667,-3.4667,68.76,21,0,6.91,clear sky
654,Dunda,TZ,-8.1167,34.25,65.03,91,93,0.65,overcast clouds
655,Mosquera,CO,4.7059,-74.2302,51.8,87,20,3.44,few clouds
656,Half Moon Bay,US,37.4636,-122.4286,59.0,82,1,5.75,clear sky
657,Stokmarknes,NO,68.5646,14.9108,33.8,80,75,2.3,broken clouds
658,Poyarkovo,RU,49.6,128.6833,-10.35,87,0,5.55,clear sky
659,Sao Marcos,BR,-28.9711,-51.0681,62.01,80,23,4.0,few clouds
660,Bien Hoa,VN,10.95,106.8167,78.8,69,15,5.75,few clouds
661,Barra Mansa,BR,-22.5442,-44.1714,75.2,83,40,3.44,scattered clouds
662,Cheyenne,US,41.14,-104.8203,46.4,39,1,33.38,clear sky
663,Baoying,CN,33.2292,119.3092,51.49,53,0,6.89,clear sky
664,Zonalnaya Stantsiya,RU,56.4269,85.0221,-7.6,77,40,11.18,scattered clouds
665,Ginda,IN,30.6945,78.4932,49.96,36,93,3.18,overcast clouds
666,Haines Junction,CA,60.7522,-137.5108,5.0,85,33,1.14,scattered clouds
667,Wanaka,NZ,-44.7,169.15,77.63,40,12,1.95,few clouds
668,Chapais,CA,49.7834,-74.8492,26.6,93,90,6.91,light snow
669,Wanning,CN,18.8003,110.3967,66.85,64,55,8.75,broken clouds
670,Dubbo,AU,-32.25,148.6167,95.0,26,47,12.66,scattered clouds
671,Mount Pleasant,US,32.7941,-79.8626,46.4,93,90,8.63,overcast clouds
672,Normandin,CA,48.8333,-72.5321,30.2,93,95,6.91,overcast clouds
673,Nara,JP,34.6851,135.8049,57.0,58,20,3.44,few clouds
674,Kenai,US,60.5544,-151.2583,30.0,86,75,5.75,broken clouds
675,Waitakere,NZ,-36.9175,174.6577,79.0,65,14,19.57,few clouds
676,Jinxiang,CN,27.4327,120.6062,57.4,45,0,1.36,clear sky
677,Sisimiut,GL,66.9395,-53.6735,16.74,95,100,4.07,overcast clouds
678,Sabya,SA,17.1495,42.6254,71.6,83,1,4.61,clear sky
679,Carahue,CL,-38.7,-73.1667,51.8,93,0,5.75,clear sky
680,Broome,US,42.2506,-75.833,28.99,86,1,6.91,clear sky
681,Lodja,CD,-3.4833,23.4333,67.86,89,70,0.92,broken clouds
682,Poum,NC,-20.2333,164.0167,82.4,80,99,15.32,moderate rain
683,Tsumeb,NA,-19.2333,17.7167,68.16,89,100,3.67,moderate rain
684,Cobourg,DE,50.2667,10.9667,32.0,79,36,1.99,scattered clouds
685,Puerto Escondido,MX,15.85,-97.0667,75.2,88,40,3.44,scattered clouds
686,Mnogovershinnyy,RU,53.9353,139.9242,-11.2,88,100,4.27,overcast clouds
687,Claremore,US,36.3126,-95.6161,48.0,53,1,5.75,clear sky
688,Teya,RU,60.3778,92.6267,-11.43,86,100,9.42,light snow
689,Sobolevo,RU,54.4299,31.8996,12.11,96,100,10.11,light snow
690,Tokur,RU,53.1333,132.9,-12.71,89,97,1.68,overcast clouds
691,Esso,RU,55.9333,158.7,-4.56,79,0,2.84,clear sky
692,Magadan,RU,59.5667,150.8,-7.13,82,53,6.82,broken clouds
693,Kargopol,RU,61.5071,38.9456,-23.1,87,12,5.01,few clouds
694,Kloulklubed,PW,7.0419,134.2556,84.2,79,90,6.91,overcast clouds
695,Lakatoro,VU,-16.0999,167.4164,85.44,74,96,10.27,light rain
696,Borgo San Dalmazzo,IT,44.333,7.4858,44.01,80,0,4.61,clear sky
697,Keetmanshoop,NA,-26.5833,18.1333,71.6,88,97,4.61,moderate rain
698,Gorssel,NL,52.2017,6.2014,35.01,89,82,4.0,broken clouds
699,Sedona,US,34.8697,-111.761,51.8,19,1,6.91,clear sky
700,Rafaela,AR,-31.2503,-61.4867,73.99,46,0,1.99,clear sky
701,Liverpool,GB,53.4106,-2.9779,44.01,100,90,10.36,light rain
702,Gaziantep,TR,37.0594,37.3825,46.4,100,90,4.23,mist
